{"cameraMode":{"drawMode":0,"name":"Shaded","section":"Shading Mode"},"sceneLighting":true,"audioPlay":false,"sceneViewState":{"m_AlwaysRefresh":false,"showFog":true,"showSkybox":true,"showFlares":true,"showImageEffects":true,"showParticleSystems":true,"showVisualEffectGraphs":true,"m_FxEnabled":false},"in2DMode":false,"pivot":{"x":812.3804321289063,"y":268.077880859375,"z":-244.55178833007813},"rotation":{"x":-0.07317031919956207,"y":0.012969080358743668,"z":0.0029576581437140705,"w":-1.003463864326477},"size":1.666643500328064,"orthographic":false}