{"cameraMode":{"drawMode":0,"name":"Shaded","section":"Shading Mode"},"sceneLighting":true,"audioPlay":false,"sceneViewState":{"m_AlwaysRefresh":false,"showFog":true,"showSkybox":true,"showFlares":true,"showImageEffects":true,"showParticleSystems":true,"showVisualEffectGraphs":true,"m_FxEnabled":false},"in2DMode":false,"pivot":{"x":1005.9330444335938,"y":749.8548583984375,"z":-1446.5128173828125},"rotation":{"x":-0.08128185570240021,"y":0.028116783127188684,"z":0.003490698290988803,"w":-1.00249445438385},"size":1.666643500328064,"orthographic":false}