{"cameraMode":{"drawMode":0,"name":"Shaded","section":"Shading Mode"},"sceneLighting":true,"audioPlay":false,"sceneViewState":{"m_AlwaysRefresh":false,"showFog":true,"showSkybox":true,"showFlares":true,"showImageEffects":true,"showParticleSystems":true,"showVisualEffectGraphs":true,"m_FxEnabled":false},"in2DMode":false,"pivot":{"x":29.950397491455079,"y":1.1553661823272706,"z":34.268863677978519},"rotation":{"x":-0.19089379906654359,"y":-0.5973794460296631,"z":0.16281507909297944,"w":-0.7704080939292908},"size":7.718172073364258,"orthographic":false}