{"cameraMode":{"drawMode":0,"name":"Shaded","section":"Shading Mode"},"sceneLighting":true,"audioPlay":false,"sceneViewState":{"m_AlwaysRefresh":false,"showFog":true,"showSkybox":true,"showFlares":true,"showImageEffects":true,"showParticleSystems":true,"showVisualEffectGraphs":true,"m_FxEnabled":false},"in2DMode":false,"pivot":{"x":37.924598693847659,"y":21.208599090576173,"z":2.6688497066497804},"rotation":{"x":0.16051623225212098,"y":-0.481139212846756,"z":0.08472073823213577,"w":0.8654975295066834},"size":10.051068305969239,"orthographic":false}