{"cameraMode":{"drawMode":0,"name":"Shaded","section":"Shading Mode"},"sceneLighting":true,"audioPlay":false,"sceneViewState":{"m_AlwaysRefresh":false,"showFog":true,"showSkybox":true,"showFlares":true,"showImageEffects":true,"showParticleSystems":true,"showVisualEffectGraphs":true,"m_FxEnabled":false},"in2DMode":false,"pivot":{"x":1493.937255859375,"y":247.07351684570313,"z":-479.1182861328125},"rotation":{"x":0.008027800358831883,"y":-0.03494146093726158,"z":-0.007499680854380131,"w":1.0056604146957398},"size":1.666643500328064,"orthographic":false}