{"cameraMode":{"drawMode":0,"name":"Shaded","section":"Shading Mode"},"sceneLighting":false,"audioPlay":false,"sceneViewState":{"m_AlwaysRefresh":false,"showFog":true,"showSkybox":false,"showFlares":true,"showImageEffects":true,"showParticleSystems":true,"showVisualEffectGraphs":true,"m_FxEnabled":true},"in2DMode":false,"pivot":{"x":0.4393007457256317,"y":-0.11587583273649216,"z":0.5504908561706543},"rotation":{"x":0.23875783383846284,"y":-0.3398374021053314,"z":0.09086720645427704,"w":0.9073101282119751},"size":0.531456470489502,"orthographic":false}