{"cameraMode":{"drawMode":0,"name":"Shaded","section":"Shading Mode"},"sceneLighting":false,"audioPlay":false,"sceneViewState":{"m_AlwaysRefresh":false,"showFog":true,"showSkybox":false,"showFlares":true,"showImageEffects":true,"showParticleSystems":true,"showVisualEffectGraphs":true,"m_FxEnabled":true},"in2DMode":false,"pivot":{"x":0.3111758232116699,"y":0.021248292177915574,"z":0.13264943659305573},"rotation":{"x":0.09382780641317368,"y":-0.5682005882263184,"z":0.06698289513587952,"w":0.8172035813331604},"size":0.2823980748653412,"orthographic":false}